Zone,Exposure,Total Claims,Total Payment,Claim Frequency,Claim Severity,Avg Cost per Policy,Risk Category,Suggested Premium Multiplier
1,326394.1,23174,106633468,0.07100005790545846,4601.426943988953,326.7015794709525,Low Risk,1.0
2,387916.78,21302,100775278,0.054913840025172404,4730.789503333021,259.7858179787943,Low Risk,1.0
3,429331.99,19938,96878519,0.0464395862977739,4858.988815327515,225.6494304093203,Low Risk,1.0
4,847154.8300000001,31913,169177603,0.03767079979937079,5301.212765957447,199.70092480025167,High Severity,1.15
5,120442.98999999999,5962,29109577,0.04950059775168319,4882.518785642402,241.6875984231212,Low Risk,1.0
6,252845.63999999998,10262,55291468,0.040586027111244635,5387.981679984408,218.6767705387366,High Severity,1.15
7,19083.75,620,2924768,0.032488373616296584,4717.3677419354835,153.25960568546537,Low Risk,1.0
